[
    {
        "pk": 3,
        "model": "contactisobar.office",
        "fields": {
            "address_line2": "",
            "city": " Belo Horizonte",
            "address_line1": "Rua Santos Barreto, 58, 4\u00c2\u00ba andar - Santo Agostinho, CEP: 30170-070",
            "name": "AgenciaClick Isobar",
            "show": false,
            "url": "http://www.agenciaclick.com.br/",
            "telephone": "+55 31 3337-8444",
            "longitude": "-43.9486",
            "latitude": "-19.9332",
            "email": "contato@isobar.com"
        }
    },
    {
        "pk": 26,
        "model": "contactisobar.office",
        "fields": {
            "address_line2": "",
            "city": "Amsterdam",
            "address_line1": "Herengracht 136, 1015 BV Amsterdam",
            "name": "Isobar Netherlands",
            "show": true,
            "url": "http://www.isobar.nl/",
            "telephone": "+31 20 530 6910 ",
            "longitude": "4.888014",
            "latitude": "52.375472",
            "email": "Sven.Huberts@isobar.com"
        }
    },
    {
        "pk": 17,
        "model": "contactisobar.office",
        "fields": {
            "address_line2": "",
            "city": "Bangalore",
            "address_line1": "2nd Floor Plot 21/4, Basappa Road, Shantinagar",
            "name": "Isobar India",
            "show": false,
            "url": "",
            "telephone": "+91 22 6612 8100",
            "longitude": "77.60482",
            "latitude": "12.97092",
            "email": "shamsuddin.jasani@isobar.com"
        }
    },
    {
        "pk": 33,
        "model": "contactisobar.office",
        "fields": {
            "address_line2": "",
            "city": "Bangkok ",
            "address_line1": "66Q, House Asoke Building, Floor 19th, Unit 1903-4, Sukhumvit 21 Road, Klongtoey Nua, Wattana, Bangkok 10110",
            "name": "Isobar Thailand",
            "show": true,
            "url": "",
            "telephone": "+662 640 8299 ",
            "longitude": "100.578369",
            "latitude": "13.72658",
            "email": "Amares.ChumsaiNaAyudhya@isobar.com"
        }
    },
    {
        "pk": 38,
        "model": "contactisobar.office",
        "fields": {
            "address_line2": "",
            "city": "Barcelona",
            "address_line1": "Avinguda Diagonal, 601, 08028 Barcelona",
            "name": "netthink Isobar",
            "show": false,
            "url": "http://www.netthinkisobar.es/",
            "telephone": "+34 93 365 44 80",
            "longitude": "2.13025",
            "latitude": "41.389028",
            "email": "david.lahoz@netthinkisobar.es"
        }
    },
    {
        "pk": 48,
        "model": "contactisobar.office",
        "fields": {
            "address_line2": "",
            "city": "Beijing",
            "address_line1": "Unit 908, Level 9, Office Tower E1, Oriental Plaza, 1 East Chang An Avenue, Beijing 100738, Tel: +86 10 8512 7300",
            "name": "wwwins Isobar",
            "show": false,
            "url": "",
            "telephone": "+86 10 8500 2300",
            "longitude": "116.414888",
            "latitude": "39.909555",
            "email": "alvin.huang@isobar.com"
        }
    },
    {
        "pk": 39,
        "model": "contactisobar.office",
        "fields": {
            "address_line2": "",
            "city": "Bilbao",
            "address_line1": "Ctra. Bilbao-Gald\u00e1cano, 6\u00aa, Bilbao",
            "name": "netthink Isobar",
            "show": false,
            "url": "http://www.netthinkisobar.es/",
            "telephone": "+34 944 050 803",
            "longitude": "-2.906455",
            "latitude": "43.248143",
            "email": "erik.haggblom@netthinkisobar.com"
        }
    },
    {
        "pk": 34,
        "model": "contactisobar.office",
        "fields": {
            "address_line2": "Watertown, MA 02472",
            "city": "Boston",
            "address_line1": "343 Arsenal Street                     ",
            "name": "Roundarch Isobar",
            "show": false,
            "url": "http://www.roundarchisobar.com/",
            "telephone": "(617) 218-6500",
            "longitude": "-71.163533",
            "latitude": "42.363031",
            "email": "info@roundarchisobar.com"
        }
    },
    {
        "pk": 55,
        "model": "contactisobar.office",
        "fields": {
            "address_line2": "Boston, MA 02110",
            "city": "Boston",
            "address_line1": "100 Summer Street, Suite 801 ",
            "name": "Roundarch Isobar",
            "show": true,
            "url": "http://www.roundarchisobar.com/",
            "telephone": "(866) 768-6327",
            "longitude": "-71.057779",
            "latitude": "42.353549",
            "email": "info@roundarchisobar.com"
        }
    },
    {
        "pk": 4,
        "model": "contactisobar.office",
        "fields": {
            "address_line2": "",
            "city": "Brasilia",
            "address_line1": "SCN Q 04 Bloco B - Sala 603A, Centro Empresarial Varig - Asa Norte, CEP: 70714-906",
            "name": "AgenciaClick Isobar",
            "show": false,
            "url": "http://www.agenciaclick.com.br/",
            "telephone": "+55 61 3424-5800",
            "longitude": "-47.928661",
            "latitude": "-15.77846",
            "email": "contato@isobar.com"
        }
    },
    {
        "pk": 11,
        "model": "contactisobar.office",
        "fields": {
            "address_line2": "",
            "city": "Brussels ",
            "address_line1": "Rue du moulin a papier, 55 Papiermolenstraat, Brussels 1160",
            "name": "Isobar Belgium",
            "show": true,
            "url": "",
            "telephone": "+32 2 663 51 65 ",
            "longitude": "4.430779",
            "latitude": "50.810083",
            "email": "didier.ackermans@aemedia.com"
        }
    },
    {
        "pk": 37,
        "model": "contactisobar.office",
        "fields": {
            "address_line2": "",
            "city": "Budapest",
            "address_line1": "Residence Office Center, Kacsa Street 15-23, 1027 Budapest",
            "name": "Kirowski Isobar",
            "show": true,
            "url": "http://www.kirowskiisobar.com/",
            "telephone": "+36 1 411 2200",
            "longitude": "19.036917",
            "latitude": "47.510067",
            "email": "zoltan.kovacs@kirowski.com"
        }
    },
    {
        "pk": 44,
        "model": "contactisobar.office",
        "fields": {
            "address_line2": "",
            "city": "Canberra",
            "address_line1": "Suite 6 - 18 National Circuit, Barton, ACT, 2600, ",
            "name": "Visual Jazz Isobar",
            "show": false,
            "url": "http://www.visualjazz.com.au/",
            "telephone": "+61 02 6122 4213",
            "longitude": "149.132549",
            "latitude": "-35.311776",
            "email": "canberra-enquiries@visualjazz.com.au"
        }
    },
    {
        "pk": 29,
        "model": "contactisobar.office",
        "fields": {
            "address_line2": "",
            "city": "Cape Town",
            "address_line1": "Upper Eastside, West Block, 31 Brickfield Road, Salt River, Cape Town",
            "name": "Isobar South Africa",
            "show": false,
            "url": "http://www.isobar.co.za/",
            "telephone": "+27 72 678 8588",
            "longitude": "18.448051",
            "latitude": "-33.924961",
            "email": "markus.grannenfelt@isobar.co.za"
        }
    },
    {
        "pk": 52,
        "model": "contactisobar.office",
        "fields": {
            "address_line2": "Chicago, IL 60601",
            "city": "Chicago",
            "address_line1": "300 East Randolph Street, Suite 4000",
            "name": "Roundarch Isobar",
            "show": false,
            "url": "www.roundarchisobar.com/",
            "telephone": "(312) 529-3500",
            "longitude": "-87.619746",
            "latitude": "41.884571",
            "email": "info@roundarchisobar.com"
        }
    },
    {
        "pk": 27,
        "model": "contactisobar.office",
        "fields": {
            "address_line2": "",
            "city": "cityname",
            "address_line1": "Pilestredet 8 , 0180 Oslo, Norway",
            "name": "Isobar Norway",
            "show": true,
            "url": "http://www.isobar.no/",
            "telephone": "+47 928 92 492",
            "longitude": "10.741569",
            "latitude": "59.914994",
            "email": "paal.fure@isobar.com"
        }
    },
    {
        "pk": 14,
        "model": "contactisobar.office",
        "fields": {
            "address_line2": "",
            "city": "Copenhagen ",
            "address_line1": "Overgaden neden vandet 7 1414, Copenhagen ",
            "name": "Isobar Denmark",
            "show": true,
            "url": "http://www.isobar.dk/",
            "telephone": "+45 77 400 654",
            "longitude": "12\u00b035'19.51\"",
            "latitude": "55\u00b040'17.66\"",
            "email": "kasper.aakerlund@isobar.com"
        }
    },
    {
        "pk": 15,
        "model": "contactisobar.office",
        "fields": {
            "address_line2": "",
            "city": "Courbevoie",
            "address_line1": "4 place de Saverne, 92400 Courbevoie, France",
            "name": "Isobar France",
            "show": true,
            "url": "http://www.isobar.fr/",
            "telephone": "+33 01 41 16 67 67",
            "longitude": "2.252455",
            "latitude": "48.893225",
            "email": "florence.trouche@isobar.com"
        }
    },
    {
        "pk": 18,
        "model": "contactisobar.office",
        "fields": {
            "address_line2": "",
            "city": "Delhi",
            "address_line1": "465, Udyog Vihar Phase V, Gurgaon, Haryana 122016, New Delhi",
            "name": "Isobar India",
            "show": false,
            "url": "",
            "telephone": "+91 12 4337 8104",
            "longitude": "77.0809093",
            "latitude": "28.5027512",
            "email": "shamsuddin.jasani@isobar.com"
        }
    },
    {
        "pk": 54,
        "model": "contactisobar.office",
        "fields": {
            "address_line2": "Denver, CO 80211",
            "city": "Denver",
            "address_line1": "2650 18th Street, Suite 202 ",
            "name": "Roundarch Isobar",
            "show": false,
            "url": "www.roundarchisobar.com/",
            "telephone": "(866) 768-6327",
            "longitude": "-105.008698",
            "latitude": "39.761431",
            "email": "info@roundarchisobar.com"
        }
    },
    {
        "pk": 57,
        "model": "contactisobar.office",
        "fields": {
            "address_line2": "Detroit, MI 48226",
            "city": "Detroit",
            "address_line1": "500 Woodward Avenue",
            "name": "Roundarch Isobar",
            "show": false,
            "url": "http://www.roundarchisobar.com",
            "telephone": "(866) 768-6327",
            "longitude": "-83.045336",
            "latitude": "42.330282",
            "email": "info@roundarchisobar.com"
        }
    },
    {
        "pk": 24,
        "model": "contactisobar.office",
        "fields": {
            "address_line2": "",
            "city": "Dubai Media City",
            "address_line1": "Dubai Media City, Loft Office 3 Entrance B. Office 208/209, P.O. Box 502177 ",
            "name": "Isobar MENA",
            "show": true,
            "url": "",
            "telephone": "+971 444 74 996",
            "longitude": "55.157611",
            "latitude": "25.096131",
            "email": "michael.nederlof@isobar.com"
        }
    },
    {
        "pk": 51,
        "model": "contactisobar.office",
        "fields": {
            "address_line2": "",
            "city": "Hamburg",
            "address_line1": "Beim Strohhause 31, 20097 Hamburg",
            "name": "Xenion Isobar",
            "show": true,
            "url": "http://www.xenionisobar.de/",
            "telephone": "+49 (0) 40 27159-600",
            "longitude": "10.023854970932",
            "latitude": "53.553207266489",
            "email": "marc.nabinger@xenionisobar.de"
        }
    },
    {
        "pk": 47,
        "model": "contactisobar.office",
        "fields": {
            "address_line2": "",
            "city": "Helsinki",
            "address_line1": "Malminkatu 30, 4th floor, 00100 Helsinki",
            "name": "White Sheep Isobar",
            "show": true,
            "url": "http://www.whitesheep.fi/",
            "telephone": "+358 (0)44 022 3171",
            "longitude": "24.927431",
            "latitude": "60.167854",
            "email": "Markus.Grannenfelt@whitesheep.fi"
        }
    },
    {
        "pk": 20,
        "model": "contactisobar.office",
        "fields": {
            "address_line2": "",
            "city": "Jakarta ",
            "address_line1": "JakartaGrha Tirtadi - 2nd Floor, Jl. Senopati Raya No.71-73, Kebayoran Baru, Jakarta 12190 ",
            "name": "Isobar Indonesia",
            "show": true,
            "url": "",
            "telephone": "+62 21 520 2568",
            "longitude": "106.808653",
            "latitude": "-6.230664",
            "email": "monika.rudijono@isobar.com"
        }
    },
    {
        "pk": 30,
        "model": "contactisobar.office",
        "fields": {
            "address_line2": "",
            "city": "Johannesburg",
            "address_line1": "5th Floor, National Bank House, Corner Market and Simmonds Street, Johannesburg ",
            "name": "Isobar South Africa",
            "show": true,
            "url": "http://www.isobar.co.za/",
            "telephone": "+27 72 678 8588",
            "longitude": "28.0394",
            "latitude": "-26.2035",
            "email": "markus.grannenfelt@isobar.co.za"
        }
    },
    {
        "pk": 9,
        "model": "contactisobar.office",
        "fields": {
            "address_line2": "",
            "city": "Kuala Lumpur",
            "address_line1": "6-01, 6th Floor, Block B, HP Tower, 12 Jalan Gelenggang, Damansara Heights, 50490 Kuala Lumpur",
            "name": "If Isobar",
            "show": true,
            "url": "http://ifisobar.com.my/",
            "telephone": "+603 2894 8800",
            "longitude": "101.666526",
            "latitude": "3.151818",
            "email": "chris.koh@isobar.com"
        }
    },
    {
        "pk": 43,
        "model": "contactisobar.office",
        "fields": {
            "address_line2": "",
            "city": "Lisboa",
            "address_line1": "Rua Vera Lagoa, 12, 2 Andar 1649-012 Lisboa",
            "name": "View Isobar",
            "show": true,
            "url": "http://www.view.pt/homepage/index.html",
            "telephone": "351 21 481 85 00",
            "longitude": "-9.167034",
            "latitude": "38.746682",
            "email": "nuno.frazao@view.pt"
        }
    },
    {
        "pk": 7,
        "model": "contactisobar.office",
        "fields": {
            "address_line2": "",
            "city": "London",
            "address_line1": "10 Triton Street, London NW1 3BF",
            "name": "glue Isobar",
            "show": true,
            "url": "http://www.glueisobar.com/",
            "telephone": "+44 (0)20 3535 9700",
            "longitude": "-0.14314",
            "latitude": "51.5243",
            "email": "wayne.brown@glueisobar.com"
        }
    },
    {
        "pk": 25,
        "model": "contactisobar.office",
        "fields": {
            "address_line2": "",
            "city": "London",
            "address_line1": "10 Triton Street, London, NW1 3BF",
            "name": "Isobar Mobile",
            "show": true,
            "url": "http://www.isobarmobile.com/",
            "telephone": "+44 (0)7595 479879",
            "longitude": "-0.14314",
            "latitude": "51.5243",
            "email": "Matt.Jones@isobar.com"
        }
    },
    {
        "pk": 28,
        "model": "contactisobar.office",
        "fields": {
            "address_line2": "",
            "city": "London",
            "address_line1": "10 Triton Street, London, NW1 3BF",
            "name": "Isobar Social",
            "show": true,
            "url": "",
            "telephone": "+44 (0)20 3535 9700 ",
            "longitude": "-0.14314",
            "latitude": "51.5243",
            "email": "katie.white@isobar.com"
        }
    },
    {
        "pk": 58,
        "model": "contactisobar.office",
        "fields": {
            "address_line2": "London NW1 3BF",
            "city": "London",
            "address_line1": "10 Triton Street",
            "name": "Head Office",
            "show": false,
            "url": "www.isobar.com",
            "telephone": "+44 (0)20 3535 9700",
            "longitude": "-0.14314",
            "latitude": "51.5243",
            "email": "hello@isobar.com"
        }
    },
    {
        "pk": 40,
        "model": "contactisobar.office",
        "fields": {
            "address_line2": "",
            "city": "Madrid",
            "address_line1": "Calle de Asura 56, 28043 Madrid",
            "name": "netthink Isobar",
            "show": true,
            "url": "http://www.netthinkisobar.es/",
            "telephone": "+34 91 593 83 67",
            "longitude": "-3.654153",
            "latitude": "40.455889",
            "email": "erik.haggblom@netthinkisobar.es"
        }
    },
    {
        "pk": 45,
        "model": "contactisobar.office",
        "fields": {
            "address_line2": "",
            "city": "Melbourne",
            "address_line1": "Level 4 - 111 Cecil Street, South Melbourne, VIC 3205",
            "name": "Visual Jazz Isobar",
            "show": false,
            "url": "http://www.visualjazz.com.au/",
            "telephone": "+61 03 9693 8333",
            "longitude": "144.956961",
            "latitude": "-37.831211",
            "email": "melbourne-enquiries@visualjazz.com.au"
        }
    },
    {
        "pk": 21,
        "model": "contactisobar.office",
        "fields": {
            "address_line2": "",
            "city": "Milan ",
            "address_line1": "Via Durini, 28, Milan 201222",
            "name": "Isobar Italy",
            "show": true,
            "url": "",
            "telephone": "+39 02 77 69 61",
            "longitude": "9.19836",
            "latitude": "45.465474",
            "email": "layla.pavone@isobar.com"
        }
    },
    {
        "pk": 1,
        "model": "contactisobar.office",
        "fields": {
            "address_line2": "",
            "city": "Moscow ",
            "address_line1": "Building No. 15 k. 2, Academician Tupolev Embankment,, Moscow 105120, Russia",
            "name": "AdWatch Isobar",
            "show": true,
            "url": "http://www.adwatch.ru/",
            "telephone": "+7 495 980-5588",
            "longitude": "37.67729",
            "latitude": "55.759819",
            "email": "anch@adwatch.ru"
        }
    },
    {
        "pk": 19,
        "model": "contactisobar.office",
        "fields": {
            "address_line2": "",
            "city": "Mumbai",
            "address_line1": "7th Floor, B Wing, Poonam Chambers II, Dr Annie Besant Road, Mumbai 400018",
            "name": "Isobar India",
            "show": true,
            "url": "",
            "telephone": "+91 (0)22 30248103",
            "longitude": "72.819893",
            "latitude": "19.001629",
            "email": "shamsuddin.jasani@isobar.com"
        }
    },
    {
        "pk": 53,
        "model": "contactisobar.office",
        "fields": {
            "address_line2": "New York, NY 10005",
            "city": "New York",
            "address_line1": "140 Broadway, Suite 4520",
            "name": "Roundarch Isobar",
            "show": false,
            "url": "www.roundarchisobar.com/",
            "telephone": "(212) 909-2300",
            "longitude": "-74.010701",
            "latitude": "40.709353",
            "email": "info@roundarchisobar.com"
        }
    },
    {
        "pk": 16,
        "model": "contactisobar.office",
        "fields": {
            "address_line2": "",
            "city": "North Point",
            "address_line1": "16/F 633 Kings Road, North Point, Hong Kong",
            "name": "Isobar Hong Kong",
            "show": true,
            "url": "",
            "telephone": "+852 3962 4500",
            "longitude": "114.206958",
            "latitude": "22.292154",
            "email": "chris.ryan@isobar.com"
        }
    },
    {
        "pk": 13,
        "model": "contactisobar.office",
        "fields": {
            "address_line2": "",
            "city": "Prague ",
            "address_line1": "Celetna 19, 116 22 Prague 1",
            "name": "Isobar Czech Republic",
            "show": true,
            "url": "http://www.isobar.cz/",
            "telephone": "+420 224 190 628",
            "longitude": "14.43322",
            "latitude": "50.0079079",
            "email": "michal.fejk@isobar.com"
        }
    },
    {
        "pk": 5,
        "model": "contactisobar.office",
        "fields": {
            "address_line2": "",
            "city": "Rio De Janeiro",
            "address_line1": "Av. Luiz Carlos Prestes, 350 - sala 204 - Edif\u00c3\u00adcio Barra Trade II - Barra da Tijuca - CEP: 22775-055",
            "name": "AgenciaClick Isobar",
            "show": false,
            "url": "http://www.agenciaclick.com.br/",
            "telephone": "+55 21 2294-1569",
            "longitude": "-43.359916",
            "latitude": "-22.995281",
            "email": "contato@isobar.com"
        }
    },
    {
        "pk": 36,
        "model": "contactisobar.office",
        "fields": {
            "address_line2": "San Francisco, CA 94103",
            "city": "San Francisco",
            "address_line1": "875 Howard Street, 6th Floor",
            "name": "Roundarch Isobar",
            "show": false,
            "url": "www.roundarchisobar.com/",
            "telephone": "(415) 541-2710",
            "longitude": "-122.404685",
            "latitude": "37.781704",
            "email": "info@roundarchisobar.com"
        }
    },
    {
        "pk": 2,
        "model": "contactisobar.office",
        "fields": {
            "address_line2": "",
            "city": "S\u00e3o Paulo",
            "address_line1": "Avenida Duquesa de Goi\u00c3\u00a1s, 716, 3 andar - Bairro Real Parque, CEP: 05686-002",
            "name": "Age Isobar",
            "show": true,
            "url": "http://www.ageisobar.com.br/",
            "telephone": "+55 11 2173 0333",
            "longitude": "-47.1008333",
            "latitude": "-22.8236111",
            "email": "ana.serra@isobar.com"
        }
    },
    {
        "pk": 6,
        "model": "contactisobar.office",
        "fields": {
            "address_line2": "",
            "city": "Sao Paulo",
            "address_line1": "Av. Duquesa de Goi\u00c3\u00a1s, 716, 2\u00c2\u00ba andar - Real Parque, CEP 05686-002",
            "name": "AgenciaClick Isobar",
            "show": true,
            "url": "http://www.agenciaclick.com.br/",
            "telephone": "+55 11 3759-3600",
            "longitude": "-46.7028 ",
            "latitude": "-23.6135",
            "email": "contato@isobar.com"
        }
    },
    {
        "pk": 23,
        "model": "contactisobar.office",
        "fields": {
            "address_line2": "",
            "city": "Seoul ",
            "address_line1": "9F, JS Tower, 144-19 Samseong-dong, Gangnam-gu, Seoul ",
            "name": "Isobar Korea",
            "show": true,
            "url": "http://www.isobar.co.kr/",
            "telephone": "+822 3445 4596",
            "longitude": "127.056745",
            "latitude": "37.507343",
            "email": "sunyoung.lee@isobar.com"
        }
    },
    {
        "pk": 49,
        "model": "contactisobar.office",
        "fields": {
            "address_line2": "",
            "city": "Shanghai",
            "address_line1": "Suite 103-106, Block G Red Town, 570 Huai Hai West Road, Shanghai 200052",
            "name": "wwwins Isobar",
            "show": false,
            "url": "",
            "telephone": "+86 21 5238 1333",
            "longitude": "121.42325911670",
            "latitude": "31.198798118974",
            "email": "wayne.fan@isobar.com"
        }
    },
    {
        "pk": 10,
        "model": "contactisobar.office",
        "fields": {
            "address_line2": "",
            "city": "Singapore ",
            "address_line1": "152 Beach Road, #36-05, Gateway East, Singapore 189721",
            "name": "Isobar Asia Pacific",
            "show": true,
            "url": "",
            "telephone": "+65 6501 4968",
            "longitude": "103.859412",
            "latitude": "1.298825",
            "email": "Howard.Smith@isobar.com"
        }
    },
    {
        "pk": 42,
        "model": "contactisobar.office",
        "fields": {
            "address_line2": "",
            "city": "Singapore ",
            "address_line1": "33 Mohamed Sultan Road, #03-03, Singapore 238977",
            "name": "TUS Isobar",
            "show": true,
            "url": "http://www.theupperstorey.com/",
            "telephone": "+65 6732 8618",
            "longitude": "103.84075",
            "latitude": "1.29244",
            "email": "Prakash.Kamdar@isobar.com"
        }
    },
    {
        "pk": 31,
        "model": "contactisobar.office",
        "fields": {
            "address_line2": "",
            "city": "Stockholm",
            "address_line1": "G\u00f6tgatan 72 B, Box 38071, 100 64 Stockholm, Sweden",
            "name": "Isobar Sweden",
            "show": true,
            "url": "http://www.isobarsweden.com/",
            "telephone": "+46 (0)855540444",
            "longitude": "18.07367",
            "latitude": "59.31263",
            "email": "richard.von.yxkull@isobar.com"
        }
    },
    {
        "pk": 46,
        "model": "contactisobar.office",
        "fields": {
            "address_line2": "Walsh Bay, NSW 2000, (PH) 02 8094 7567 ",
            "city": "Sydney",
            "address_line1": "28a Hickson Rd",
            "name": "Visual Jazz Isobar",
            "show": true,
            "url": "http://www.visualjazz.com.au/",
            "telephone": "+61 02 8094 7515",
            "longitude": "151.205254",
            "latitude": "-33.873163",
            "email": "sydney-enquiries@visualjazz.com.au"
        }
    },
    {
        "pk": 50,
        "model": "contactisobar.office",
        "fields": {
            "address_line2": "",
            "city": "Taiwan",
            "address_line1": "5F 138 Min-Sheng East Road, Section 3, Taipei 105",
            "name": "wwwins Isobar",
            "show": true,
            "url": "",
            "telephone": "+886 2 2719 9933",
            "longitude": "121.547155",
            "latitude": "25.05732",
            "email": "freda.shao@isobar.com"
        }
    },
    {
        "pk": 22,
        "model": "contactisobar.office",
        "fields": {
            "address_line2": "",
            "city": "Tokyo ",
            "address_line1": "Iwantani Shoten Hitotsubashi Annex 3F, 2-4-4 Hitosubashi Chiyoda-ku, Tokyo 101-0003",
            "name": "Isobar Japan",
            "show": true,
            "url": "",
            "telephone": "+81 03 5214 5711",
            "longitude": "139.757385",
            "latitude": "35.69315",
            "email": "Takahiro.Uchinaga@isobar.com"
        }
    },
    {
        "pk": 12,
        "model": "contactisobar.office",
        "fields": {
            "address_line2": "Toronto, ON M5V 2K6 ",
            "city": "Toronto",
            "address_line1": "116 Spadina Avenue, Suite 100",
            "name": "Isobar Canada",
            "show": true,
            "url": "http://ca.isobar.com/",
            "telephone": "+1 416 203 2224",
            "longitude": "-79.39594",
            "latitude": "43.646971",
            "email": "mike.sharma@isobar.com"
        }
    },
    {
        "pk": 41,
        "model": "contactisobar.office",
        "fields": {
            "address_line2": "",
            "city": "Vienna",
            "address_line1": "Ignaz-K\u00f6ck-Strasse 17, 1210 Vienna",
            "name": "Pjure Isobar",
            "show": true,
            "url": "http://www.pjureisobar.com/",
            "telephone": "+43 1 503 98 82",
            "longitude": "16.401531",
            "latitude": "48.271134",
            "email": "h.kosa@pjure.com"
        }
    },
    {
        "pk": 8,
        "model": "contactisobar.office",
        "fields": {
            "address_line2": "",
            "city": "Warsaw",
            "address_line1": "Ul. Domaniewska 49, wejscie C, 02-672 Warszawa",
            "name": "Hypermedia Isobar",
            "show": true,
            "url": "http://www.hypermediaisobar.pl/",
            "telephone": "+48 22 441 80 00",
            "longitude": "20.991426",
            "latitude": "52.183086",
            "email": "K.Andrzejczak@hypermediaisobar.pl"
        }
    },
    {
        "pk": 32,
        "model": "contactisobar.office",
        "fields": {
            "address_line2": "",
            "city": "Zurich",
            "address_line1": "Kanzleistrasse 57, CH-8026 Z\u00fcrich",
            "name": "Isobar Switzerland",
            "show": true,
            "url": "http://www.isobar.ch/",
            "telephone": "+41 (0)44 365 25 65",
            "longitude": "8.525428",
            "latitude": "47.375128",
            "email": "Anja.Daeumingen@isobar.com"
        }
    },
    {
        "pk": 25,
        "model": "contactisobar.country",
        "fields": {
            "offices": [
                55,
                34,
                52,
                54,
                57,
                53,
                36
            ],
            "name": "United States",
            "order": 1
        }
    },
    {
        "pk": 8,
        "model": "contactisobar.country",
        "fields": {
            "offices": [
                12
            ],
            "name": "Canada",
            "order": 2
        }
    },
    {
        "pk": 30,
        "model": "contactisobar.country",
        "fields": {
            "offices": [
                44,
                45,
                46
            ],
            "name": "Australia",
            "order": 999
        }
    },
    {
        "pk": 29,
        "model": "contactisobar.country",
        "fields": {
            "offices": [
                41
            ],
            "name": "Austria",
            "order": 999
        }
    },
    {
        "pk": 7,
        "model": "contactisobar.country",
        "fields": {
            "offices": [
                11
            ],
            "name": "Belgium",
            "order": 999
        }
    },
    {
        "pk": 2,
        "model": "contactisobar.country",
        "fields": {
            "offices": [
                3,
                4,
                5,
                6
            ],
            "name": "Brazil",
            "order": 999
        }
    },
    {
        "pk": 35,
        "model": "contactisobar.country",
        "fields": {
            "offices": [
                2
            ],
            "name": "Brazil",
            "order": 999
        }
    },
    {
        "pk": 32,
        "model": "contactisobar.country",
        "fields": {
            "offices": [
                48,
                49,
                50
            ],
            "name": "China",
            "order": 999
        }
    },
    {
        "pk": 9,
        "model": "contactisobar.country",
        "fields": {
            "offices": [
                13
            ],
            "name": "Czech Republic",
            "order": 999
        }
    },
    {
        "pk": 10,
        "model": "contactisobar.country",
        "fields": {
            "offices": [
                14
            ],
            "name": "Denmark",
            "order": 999
        }
    },
    {
        "pk": 31,
        "model": "contactisobar.country",
        "fields": {
            "offices": [
                47
            ],
            "name": "Finland",
            "order": 999
        }
    },
    {
        "pk": 11,
        "model": "contactisobar.country",
        "fields": {
            "offices": [
                15
            ],
            "name": "France",
            "order": 999
        }
    },
    {
        "pk": 34,
        "model": "contactisobar.country",
        "fields": {
            "offices": [
                51
            ],
            "name": "Germany",
            "order": 999
        }
    },
    {
        "pk": 39,
        "model": "contactisobar.country",
        "fields": {
            "offices": [
                58
            ],
            "name": "Global",
            "order": 999
        }
    },
    {
        "pk": 12,
        "model": "contactisobar.country",
        "fields": {
            "offices": [
                16
            ],
            "name": "Hong Kong",
            "order": 999
        }
    },
    {
        "pk": 26,
        "model": "contactisobar.country",
        "fields": {
            "offices": [
                37
            ],
            "name": "Hungary",
            "order": 999
        }
    },
    {
        "pk": 13,
        "model": "contactisobar.country",
        "fields": {
            "offices": [
                17,
                18,
                19
            ],
            "name": "India",
            "order": 999
        }
    },
    {
        "pk": 14,
        "model": "contactisobar.country",
        "fields": {
            "offices": [
                20
            ],
            "name": "Indonesia",
            "order": 999
        }
    },
    {
        "pk": 15,
        "model": "contactisobar.country",
        "fields": {
            "offices": [
                21
            ],
            "name": "Italy",
            "order": 999
        }
    },
    {
        "pk": 16,
        "model": "contactisobar.country",
        "fields": {
            "offices": [
                22
            ],
            "name": "Japan",
            "order": 999
        }
    },
    {
        "pk": 5,
        "model": "contactisobar.country",
        "fields": {
            "offices": [
                9
            ],
            "name": "Malaysia",
            "order": 999
        }
    },
    {
        "pk": 20,
        "model": "contactisobar.country",
        "fields": {
            "offices": [
                27
            ],
            "name": "Norway",
            "order": 999
        }
    },
    {
        "pk": 4,
        "model": "contactisobar.country",
        "fields": {
            "offices": [
                8
            ],
            "name": "Poland",
            "order": 999
        }
    },
    {
        "pk": 27,
        "model": "contactisobar.country",
        "fields": {
            "offices": [
                43
            ],
            "name": "Portugal",
            "order": 999
        }
    },
    {
        "pk": 1,
        "model": "contactisobar.country",
        "fields": {
            "offices": [
                1
            ],
            "name": "Russia",
            "order": 999
        }
    },
    {
        "pk": 36,
        "model": "contactisobar.country",
        "fields": {
            "offices": [
                42
            ],
            "name": "Singapore",
            "order": 999
        }
    },
    {
        "pk": 6,
        "model": "contactisobar.country",
        "fields": {
            "offices": [
                10
            ],
            "name": "Singapore",
            "order": 999
        }
    },
    {
        "pk": 21,
        "model": "contactisobar.country",
        "fields": {
            "offices": [
                29,
                30
            ],
            "name": "South Africa",
            "order": 999
        }
    },
    {
        "pk": 17,
        "model": "contactisobar.country",
        "fields": {
            "offices": [
                23
            ],
            "name": "South Korea",
            "order": 999
        }
    },
    {
        "pk": 28,
        "model": "contactisobar.country",
        "fields": {
            "offices": [
                38,
                39,
                40
            ],
            "name": "Spain",
            "order": 999
        }
    },
    {
        "pk": 22,
        "model": "contactisobar.country",
        "fields": {
            "offices": [
                31
            ],
            "name": "Sweden",
            "order": 999
        }
    },
    {
        "pk": 23,
        "model": "contactisobar.country",
        "fields": {
            "offices": [
                32
            ],
            "name": "Switzerland",
            "order": 999
        }
    },
    {
        "pk": 33,
        "model": "contactisobar.country",
        "fields": {
            "offices": [
                50
            ],
            "name": "Taiwan",
            "order": 999
        }
    },
    {
        "pk": 24,
        "model": "contactisobar.country",
        "fields": {
            "offices": [
                33
            ],
            "name": "Thailand",
            "order": 999
        }
    },
    {
        "pk": 19,
        "model": "contactisobar.country",
        "fields": {
            "offices": [
                26
            ],
            "name": "The Netherlands",
            "order": 999
        }
    },
    {
        "pk": 38,
        "model": "contactisobar.country",
        "fields": {
            "offices": [
                28
            ],
            "name": "UK",
            "order": 999
        }
    },
    {
        "pk": 37,
        "model": "contactisobar.country",
        "fields": {
            "offices": [
                7
            ],
            "name": "UK",
            "order": 999
        }
    },
    {
        "pk": 3,
        "model": "contactisobar.country",
        "fields": {
            "offices": [
                25
            ],
            "name": "UK",
            "order": 999
        }
    },
    {
        "pk": 18,
        "model": "contactisobar.country",
        "fields": {
            "offices": [
                24
            ],
            "name": "United Arab Emirates",
            "order": 999
        }
    },
    {
        "pk": 1,
        "model": "contactisobar.person",
        "fields": {
            "description": "",
            "title": "Global CEO",
            "telephone": "",
            "order": 1,
            "email": "mark.cranmer@isobar.com",
            "name": "Mark Cranmer"
        }
    },
    {
        "pk": 4,
        "model": "contactisobar.person",
        "fields": {
            "description": "",
            "title": "Global",
            "telephone": "",
            "order": 4,
            "email": "gavin.XXX@isobar.xxx",
            "name": "Gavin XXX"
        }
    },
    {
        "pk": 8,
        "model": "contactisobar.person",
        "fields": {
            "description": "",
            "title": "Executive Director Global Clients",
            "telephone": "",
            "order": 5,
            "email": "marc.huijbregts@isobar.com",
            "name": "Marc Huijbregts"
        }
    },
    {
        "pk": 12,
        "model": "contactisobar.person",
        "fields": {
            "description": "",
            "title": "Executive Officer",
            "telephone": "+27 (0) 83 680 4461 ",
            "order": 10,
            "email": "gavin.rooke@isobar.com",
            "name": "Gavin Rooke"
        }
    },
    {
        "pk": 6,
        "model": "contactisobar.person",
        "fields": {
            "description": "Chief Experience Officer",
            "title": "Roundarch Isobar Co-CEO",
            "telephone": "",
            "order": 30,
            "email": "jmaling@roundarchisobar.com",
            "name": "Jeff Maling"
        }
    },
    {
        "pk": 11,
        "model": "contactisobar.person",
        "fields": {
            "description": "",
            "title": "Roundarch Isobar Co-CEO",
            "telephone": "",
            "order": 40,
            "email": "gcubitt@roundarchisobar.com",
            "name": "Geoff Cubitt"
        }
    },
    {
        "pk": 9,
        "model": "contactisobar.person",
        "fields": {
            "description": "",
            "title": "Isobar APAC CEO",
            "telephone": "",
            "order": 50,
            "email": "jean.lin@isobar.com",
            "name": "Jean Lin"
        }
    },
    {
        "pk": 2,
        "model": "contactisobar.person",
        "fields": {
            "description": "Executive Director Global Clients",
            "title": "New Business",
            "telephone": "",
            "order": 60,
            "email": "mar.huijbregts@isobar.com",
            "name": "Marc Huijbregts"
        }
    },
    {
        "pk": 7,
        "model": "contactisobar.person",
        "fields": {
            "description": "",
            "title": "Isobar LATAM CEO",
            "telephone": "",
            "order": 60,
            "email": "pedro.cabral@isobar.com",
            "name": "Pedro Cabral"
        }
    },
    {
        "pk": 5,
        "model": "contactisobar.person",
        "fields": {
            "description": "Communications Director",
            "title": "Press/Marketing",
            "telephone": "",
            "order": 70,
            "email": "mandy.rayment@isobar.com",
            "name": "Mandy Rayment"
        }
    },
    {
        "pk": 10,
        "model": "contactisobar.person",
        "fields": {
            "description": "",
            "title": "SVP, Managing Director",
            "telephone": "416.203.2224",
            "order": 999,
            "email": "mike.sharma@isobar.com",
            "name": "Mike Sharma"
        }
    },
    {
        "pk": 3,
        "model": "contactisobar.region",
        "fields": {
            "countries": [
                25,
                8
            ],
            "people": [
                6,
                11
            ],
            "name": "North America",
            "order": 1
        }
    },
    {
        "pk": 2,
        "model": "contactisobar.region",
        "fields": {
            "countries": [
                2,
                35
            ],
            "people": [
                7
            ],
            "name": "Latin America",
            "order": 2
        }
    },
    {
        "pk": 1,
        "model": "contactisobar.region",
        "fields": {
            "countries": [
                29,
                7,
                9,
                10,
                31,
                11,
                34,
                26,
                15,
                20,
                4,
                27,
                1,
                21,
                28,
                22,
                23,
                19,
                38,
                3,
                37,
                18
            ],
            "people": [
                8
            ],
            "name": "Europe Middle East Africa",
            "order": 3
        }
    },
    {
        "pk": 4,
        "model": "contactisobar.region",
        "fields": {
            "countries": [
                30,
                32,
                12,
                13,
                14,
                16,
                5,
                36,
                6,
                17,
                24
            ],
            "people": [
                9
            ],
            "name": "Asia Pacific",
            "order": 4
        }
    },
    {
        "pk": 6,
        "model": "contactisobar.region",
        "fields": {
            "countries": [
                39
            ],
            "people": [
                1,
                8,
                12,
                6,
                11,
                9,
                7,
                5
            ],
            "name": "Global",
            "order": 999
        }
    }
]